light_diesel,heavy_diesel,gasoline,liq_gas,dry_gas
0.17751218383634923,0.11034549285393036,0.27919315769467296,0.13342247118903644,0.0413862175862139
0.17740285919341578,0.11530437699685624,0.2753815282675034,0.14430610095141327,0.041543232679266844
0.17061415353539505,0.11749477280826469,0.2688751221920256,0.14419072310680636,0.04135841416667414
0.14575905490358412,0.09715254921285274,0.2355275697824894,0.12315679579789866,0.03730313775927405
0.1469121379667015,0.10687202602351033,0.23619658154470458,0.12201099520845823,0.037469304270365454
0.14790784143190971,0.10513524843208441,0.23346453263461964,0.1154421762733595,0.037893513673281115
0.1377045013743168,0.10434122431478092,0.22535103822131686,0.11102388585046144,0.03414396572317037
0.1657054024651994,0.12677205172625086,0.26569570131084697,0.13954000712681142,0.04261055995519663
0.16861064386352134,0.14437916379889065,0.2823155038783267,0.13218523297766951,0.04470487886800405
0.16408888461153537,0.14443633799627642,0.2761597433997102,0.13163651616564417,0.042848603292338874
0.16331459532408485,0.12787389440916014,0.2644539285584116,0.1346228981572493,0.043191578844251025
0.1647746149038798,0.12085084966820307,0.27902064673812715,0.13534815984661974,0.04305752068189185
0.16524456644554997,0.14266138919308496,0.2858392641537776,0.12641046094468736,0.042099048891125555
0.16555337866053027,0.13159106412704535,0.2563489076805977,0.1271476172225465,0.04285714342424632
0.16809058097442728,0.13161189840504692,0.28480997392571067,0.13982686814383977,0.04369472022903777
0.16241077105844803,0.14297334578584944,0.2848058014788822,0.1320609226898336,0.043034350559923155
0.15698448603649764,0.1598341150391684,0.2661476914249535,0.1261060376428723,0.04503205534821823
0.1825908083217594,0.1147203351065745,0.283459202447829,0.12570533975155881,0.05152974912434082
0.18538253489842874,0.12066799068184371,0.26472855446341437,0.12927808218867715,0.04690651696394026
0.18150164583262288,0.09358661661880475,0.2630719670199536,0.12995182516851694,0.0464621516871112
0.17126164271233432,0.12380586679547138,0.2733483964409606,0.12467683955621206,0.04824104369767956
0.1627839480713357,0.14266390828765452,0.26211910960028906,0.13158528628163402,0.04657619779202385
0.16446033998423978,0.12053866747243654,0.28076363768552776,0.13784941637741618,0.04956516359819432
0.1619400569716486,0.14309429871445786,0.30123983510564556,0.13765621859201702,0.046345014032048666
0.1592079135219056,0.1454803741943144,0.27256211054331475,0.1443819382706405,0.046466733906233466
0.16062880197071272,0.15088193661032442,0.2671694640227431,0.13861644481637048,0.047101489565117886
0.15864104703834356,0.16893575606257888,0.2687043741981832,0.13023984267998634,0.05020714155554926
0.1599802786632248,0.16748283751318793,0.2830922385922839,0.11029922464463973,0.04581410212994186
0.15844744872481117,0.16701498496671374,0.2671200303779431,0.1254328899649635,0.04883660008780583
0.16625094628475268,0.15113672795792052,0.28355118367077575,0.1317984388514587,0.048015705128583205
0.15999282657538855,0.15783735707345514,0.28713208015831077,0.12676666434825598,0.046821312302359995
0.15940980247617645,0.1614487381734258,0.27114849687144654,0.13189786029956702,0.046999692033428624
0.16721801962474914,0.15455184651902468,0.2721093202589976,0.13111900700389176,0.04602888841221436
0.16345056466990618,0.14779235766944024,0.284062681596823,0.13155245567303997,0.047475221544736504
0.15823748493905873,0.15148579085396036,0.2941929847864092,0.13093279235521638,0.048230776674751515
0.1710512742207491,0.15599652923199764,0.3030195491717911,0.1388731014277464,0.046448170205962466
0.15943079514012404,0.1571604662616957,0.28333955348569495,0.12807289174729805,0.0487786516951261
0.18132556111531248,0.11548075464568373,0.29229346339193335,0.13990169062845662,0.051506525133186445
0.17387152685245436,0.12119701711648911,0.2900800382451597,0.1391857477421017,0.048805065011411936
0.16475439769979847,0.16358005348693713,0.29431441354646704,0.13359788562021738,0.04964838886658911
0.16422484275972088,0.15426641622099443,0.2828574846347854,0.13361481024440858,0.04931893987993978
0.1696156329097979,0.15900102530043386,0.3107354474429515,0.1391563111359843,0.04890273543430064
0.1724605573379653,0.12095989012213179,0.31437021735960613,0.14340948020871164,0.049649099461965426
0.16704123924331746,0.11807066433871785,0.28365997763337375,0.16675196598554118,0.04891772943190729
0.16467874646927796,0.13499458879763002,0.2891237516033952,0.15429476145692927,0.05090957921580926
0.15827075803330337,0.14156402255683861,0.2928755258251533,0.1459146241427397,0.04828290202233022
0.16014735500892957,0.15327793017281502,0.2664244366438422,0.13341531845307686,0.04942977695414115
0.16809603623769845,0.14223049954409853,0.3091372179309369,0.17070569429921212,0.049423738578041713
0.17052431270196736,0.11911724893009996,0.3019093772896212,0.13943896251368462,0.04957916848314874
0.1617855920087263,0.12534125261600804,0.29338586278216805,0.14065308582676714,0.04779713828347857
0.1726398386793842,0.13627579194639355,0.32817602974028676,0.1418379507382096,0.04698039986977108
0.16411146519874573,0.14507731952324146,0.30672385670422503,0.13218892276001698,0.04469210548525091
0.16143936566967632,0.1418094276516745,0.312963204590995,0.13768506981274872,0.04593543343836111
0.16264209559149154,0.14359634860416554,0.33075824002232634,0.1400739220803143,0.04526236426936337
0.1675137142271906,0.14701130273241186,0.3151120755024137,0.1396283022215063,0.04534628400846525
0.16973252920470042,0.14468108580396863,0.31783907869792993,0.149560697300057,0.04577378453652987
0.1670533520907959,0.14471603998572483,0.32692119928994845,0.14150672777315126,0.045599915472074114
0.16922522676191934,0.14569940687720156,0.3192640314547064,0.13856406890872164,0.046705274827365015
0.16708001151584534,0.14190299212470467,0.31810842085266167,0.15178393663357595,0.04786835002188101
0.16625304263911747,0.13683882709167552,0.30665345684434503,0.13878201055110173,0.04543713198566233
0.16406490723026157,0.13905664897786837,0.3090965544685918,0.14844314100252667,0.04683450970283571
0.1663373451752543,0.13396618070039926,0.30456642984862864,0.16024988176284247,0.04512624661937256
0.16420124806333194,0.12380185724862232,0.3232649086945263,0.15676167667384655,0.045643116880285134
0.16496817865080207,0.1469112524032771,0.3063384319815903,0.15624739420271233,0.04592612245522599
0.16478127342258803,0.12567780184101635,0.31792445594328683,0.14710287007544046,0.04683342280919364
0.16546778334502157,0.15112307812571565,0.31183070169761995,0.13961048151029445,0.04573230166186026
0.16522732554362837,0.1280855252890908,0.3218798289099546,0.13061932005581545,0.042117587574078894
0.15968452305398356,0.13056118827530155,0.31107702923020186,0.1418798439102216,0.04388473919024626
0.16198981735599194,0.14375301505220706,0.29736654717925476,0.14493371448647535,0.046426018321716264
0.160310676693458,0.15487576098412117,0.31950386803646386,0.1354320608310859,0.043279695249422705
0.16406882034621656,0.145255522470865,0.3130809288459343,0.15186820812938134,0.0453718070547947
0.16532621604504535,0.13676801989146273,0.3091856624523147,0.1422665278964419,0.045343844311511075
0.16084002205499118,0.14115016073834682,0.3126089383244034,0.147825920886298,0.04323626489544228
0.16539674765604045,0.13008491072362813,0.3065015892733412,0.13123049126979972,0.042936933412349464
0.15861137405149148,0.16774962995584522,0.3113374784900968,0.14715930715780162,0.04618123575171491
0.1620849686451643,0.15594950423356896,0.31764353760220637,0.14944482149929633,0.044805211369198086
0.1611187264118693,0.16201568324810436,0.2903870796685446,0.12959796542977964,0.04443490011409026
0.1623747808883537,0.13661255842121733,0.3203609053178606,0.14490193799097867,0.04523858341182749
0.16541035235620027,0.1426196602579218,0.3192468742068067,0.14115896477928946,0.04314235305098633
0.15956138575738485,0.17079433987609174,0.3008354479388588,0.14888521741309144,0.04372363092968288
0.16369980526609768,0.14257830173031327,0.3175776305972235,0.14436387704736284,0.04339067117287963
0.1598793094056787,0.15385280736673757,0.3060335277333366,0.1349737149162029,0.04282032945593398
0.1614799555217427,0.15241562271153897,0.3018350555626558,0.14330527233531165,0.044336483704734156
0.16267150084826462,0.14698129883721806,0.31582010171109387,0.14366357650331382,0.043815116589869404
0.15995874767285942,0.14613382903063585,0.3124303332315823,0.1341189325868006,0.04030657524814928
0.162758611150817,0.14374876970225767,0.30056242351323076,0.13791161087022394,0.04250130014505608
0.165409240506758,0.13977630230381577,0.3126485784203935,0.14624770387463085,0.04182231627177439
0.1615219989679517,0.1527890211283796,0.31746732500196273,0.14993798757620458,0.04400561629374172
0.16440058491457715,0.1540176495014759,0.31078703619605236,0.15707177727065724,0.04595761164708331
0.1625062145195816,0.15967430078403733,0.310026656615636,0.14665347346135926,0.04351146582482535
0.1605651369028007,0.1545166138266818,0.2823534406547037,0.13076887681528881,0.044729127498976
0.1605345307993246,0.14659349593563537,0.2755753761079822,0.13641293799153836,0.047992499628274454
0.15901368343029237,0.1665794386923818,0.30744073826871937,0.1457478591768302,0.04377289708463803
0.16214233772622663,0.15980277692254602,0.29442973398150163,0.12614402346232936,0.04259408455142296
0.15976587643146273,0.16036831800973061,0.29172602469073705,0.13356395247310687,0.04224277489638597
0.16081270088075572,0.17991697538405083,0.28236683402719437,0.13094713530104793,0.043839459661865185
0.16540840278871757,0.16245632533381607,0.29789938658214044,0.13268888854281236,0.04196067744932148
0.16171321888565465,0.16439080618455354,0.2807497240318293,0.13688617417794613,0.04427733324590857
0.1600387079791599,0.1780916369988832,0.27477936113358437,0.12818011931337114,0.043453740302357505
0.16391400910444162,0.1479338331238278,0.28074207852341765,0.12878709304491998,0.043220144716600566
0.1627151531568951,0.15347535047123823,0.27926631403351404,0.13196247835639652,0.043564039090131075
0.163362259238072,0.1679314476522277,0.3005865712781118,0.1370894284816891,0.04498173470189062
0.16348463769606777,0.13972769693133608,0.314911904006849,0.14521027943632664,0.04277109618215819
0.1610180642885224,0.16363314530041073,0.29279859642641415,0.15263692037057255,0.0450968447334335
0.1620461859469192,0.16663316519713725,0.28738023133993684,0.13543137535930677,0.042599994686384424
0.16409994643417578,0.16018025216927675,0.2983210215465146,0.13576191880835878,0.042432694302177124
0.1659621057060224,0.14587517991844623,0.2677672322403175,0.12122966278304059,0.0444712536724521
0.16039334474376818,0.1514577320868747,0.3008943799107198,0.13431696021795242,0.04286565493977815
0.16160875186402152,0.15797290530085153,0.3035233081849848,0.15206464044611487,0.04347061621624655
0.16369351432498516,0.16443453735363883,0.2999093376729624,0.1572115690174032,0.04217606628466262
0.16412588804203118,0.16572376020996266,0.3000723101347319,0.1520300501578855,0.0420829229763627
0.16511916779688815,0.15358860996519816,0.2762957378907367,0.15668269370030685,0.040344809208958846
0.1423103187762069,0.13342788118043306,0.2217741197446988,0.12096960586432154,0.03766173507860515
0.1276831645668739,0.1389012735407788,0.22104895900557667,0.10777431073222311,0.03288146633730883
0.110364821037463,0.1090844318170216,0.1561332960250385,0.09413752025120173,0.029080018703818145
0.1227908363387555,0.12809282757589663,0.17715756464743623,0.1016214780472645,0.03310391819443091
0.16509119422417473,0.14922182974495082,0.24273975195716588,0.14654308368245242,0.04350193301399023
0.16716695217533917,0.1672183825595385,0.2441785162368233,0.1409767440496563,0.04702653493935182
0.16359107041222237,0.1703173468988064,0.23215442211364204,0.13201280318216105,0.04803519301539193
0.16713688208047509,0.16019614907253554,0.22667776015825045,0.13895908262571274,0.044401377400687676
0.16474230308801377,0.14798506555351273,0.22725909119265003,0.14060029649853142,0.04318456525709721
0.15857605093188865,0.14333364448921118,0.22212045762158858,0.13472400211601532,0.039654191295877106
0.14113568676624236,0.13101655545578145,0.1970763982796199,0.12069954076948933,0.03789729543045748
0.1712763625732159,0.1273950587937692,0.23574074699640968,0.14355315842308794,0.045675144180570115
0.16924427574033055,0.1511735102277173,0.23401478254586636,0.14353660066678794,0.04616195500777743
0.16875654056359504,0.15199321041388497,0.23338180815109882,0.135501161101232,0.04611206582090874
0.17031329549980173,0.15757912899180662,0.23689535212598836,0.14620794495725914,0.04312918927854332
0.11659134918840372,0.11170707591365973,0.16074829531024118,0.09731083917994854,0.03080199093904119
0.12302218443781959,0.10912619098773983,0.16776469104175515,0.10103805340881557,0.032916563341907824
0.16314095639167941,0.15071808023655678,0.21293084164883236,0.13249734107484212,0.04189361663574871
0.16445261828856325,0.1592830716003011,0.22533746464156673,0.1307152424157097,0.04354315873659875
0.16344461982700476,0.19323794292866767,0.22767819069834846,0.1310469541292362,0.04458770782668685
0.167112073101965,0.1704300177513899,0.23535027214439813,0.13365354695618437,0.04490312917407119
0.1677311696274681,0.12552536324360367,0.24566056035890457,0.1548283364869949,0.045621912530442656
0.16633167397166163,0.04239577007278821,0.23312073299728964,0.12772557243336893,0.03685127550409673
0.2083115536750413,0.10142532595853762,0.24171063734334147,0.12684861299967845,0.03933031889655852
0.20051515993671035,0.08831712328685788,0.23088479280695734,0.16542270464939846,0.03630889331372786
0.18987792272379928,0.09348764586652979,0.22428554623960667,0.12982934348618494,0.05169965062682994
0.18743800792288862,0.09230591965554001,0.22382685164396807,0.14658139379597104,0.05303494470333383
0.1646497499726744,0.09587587939654223,0.25629728716477024,0.1465692687362886,0.05175749674265811
0.1829216591648116,0.09632334574597383,0.24102046146868739,0.15046299611990474,0.052433458193308226
0.20318271144030628,0.09300993968459216,0.23841777377141396,0.14140572981131982,0.052033511371150795
0.13278694304631727,0.10004707874852949,0.26916072808104635,0.1457713857200246,0.05870564209805225
0.18300745308848962,0.09147929882017809,0.2563997520976247,0.14417066845867005,0.05252035809668911
0.18732764663947257,0.08956635917334717,0.24998277608564126,0.13492740508435316,0.05125648455247868
0.16155549920834858,0.08556657777684888,0.26898875680242235,0.13543517986300338,0.05120114332664422
0.16489704566076113,0.08549609214467611,0.24878034287591813,0.1482274831318288,0.05266465421361649
0.16785904070311017,0.08359785803766859,0.2535014150112738,0.1331174754282242,0.05219414127295165
0.18280558834685445,0.08158680875961884,0.2724489223594247,0.13775241402442062,0.05101266446209766
0.18580369061041857,0.0823370003498224,0.2664538101922485,0.15066600300682145,0.04934788444265257
0.18520896631931658,0.07942049772003153,0.24766007184761674,0.12973737217600323,0.05041542670795306
0.17624890036326477,0.07854916450774511,0.26139492569416206,0.13094603588295825,0.049163928585485704
0.1895336231455128,0.08146239969467715,0.2539256374918638,0.1118040516240988,0.050102432069495405
0.1813039322593733,0.07907138027569252,0.24634345050221404,0.1089332002152141,0.05051288263067473
0.20107805440527615,0.0738895924788185,0.26363847924054823,0.13035952004320406,0.0497245791498655
0.20226011650852688,0.08439083655098636,0.25153258683272967,0.12574989174269796,0.04842268277762944
0.18872355507083993,0.08370383719590425,0.24881081644267677,0.12540038905854814,0.04961455634145949
0.18419652261542338,0.08262847002375683,0.25088132968726157,0.12355971564683606,0.049357046022107665
0.19495117207799964,0.08510784765041329,0.2506343873677286,0.12533215905580866,0.04907892587623866
0.18877984590706445,0.08289120335414094,0.23866581901978573,0.11835291231869384,0.04836763705232857
0.2211677999226428,0.0832133294708883,0.2612345912146178,0.124916887049217,0.04865316105123576
0.2095457162101913,0.08342665339059813,0.2573620765151773,0.12709966087975125,0.0502950880366573
0.21043908800606098,0.08250645868415583,0.26882455621872997,0.1316621581223025,0.050633782855054606
0.19170306665007247,0.08338146323515434,0.2765615150520446,0.13828526719416562,0.04958849450317341
0.1759788980643487,0.08455348664469707,0.26239979934204266,0.13383744879178786,0.049518875653898335
0.17348704032005716,0.08495986671289485,0.2528266143132258,0.14366773800644952,0.04985844409863329
0.1840963834365993,0.08051167443195574,0.27419901144698594,0.14259705022843638,0.04700282700674029
0.18491120583781087,0.08411497118135489,0.267166385651728,0.15687388203531796,0.04926042171916126
0.1772703960750585,0.08363740311512445,0.2642734523202252,0.13697204437411492,0.049331044584734494
0.14052021801238287,0.08406503567396843,0.26405668480653915,0.1441213676217861,0.05087909833473762
0.1543026298850787,0.08678490914804951,0.2554621418059947,0.1445234470366322,0.05237770986236464
0.16442060937772013,0.09428368827751041,0.25516545324756634,0.14071656933429055,0.05288538055025744
0.14786235114272392,0.11088855022374562,0.2653092235291824,0.13469793684269607,0.05159793810441546
0.15233254380642147,0.11846194529565743,0.2639217510136981,0.13460089732062142,0.05180842189573917
0.16685447720356847,0.11386377765567235,0.2656160830237132,0.13314817426585332,0.0520886019535123
0.14453810609107476,0.11850027371334293,0.2692273124606509,0.14113809556649531,0.052435128852106085
0.14004055881662772,0.11098825584310892,0.26236356927375365,0.1329156938400407,0.05045646233690211
0.14832247254677386,0.1134296809178415,0.2697229282790195,0.1420960536667854,0.051029459964135014
0.1033173472550695,0.11809341642582899,0.2795695533817282,0.14601521106947815,0.05243141473960437
0.1071743846952524,0.116390334356128,0.28270244015502005,0.14811955318310854,0.05046633114144673
0.12603504102679225,0.10664822178140504,0.23884400274113418,0.1474527884253132,0.05324133737995808
0.11958192048410514,0.11512558542645102,0.26286579041846975,0.14081289629818622,0.05242227434414941
0.1325592029761401,0.11551715028929213,0.27113920654669627,0.13749697739889932,0.05219723950903336
0.13638452948560809,0.12462089783850004,0.2662290964402065,0.13666616099732334,0.05118718601162516
0.13419624601473057,0.10987196532847858,0.25781977536974554,0.13799563461624526,0.050776562009950676
0.12446904398447194,0.10942211951672047,0.25339201502799474,0.139332930809377,0.05137569607226134
0.12606334685488355,0.11929404454082106,0.25880567341324395,0.14391108551696066,0.05267294620363237
0.12461851944645927,0.11478497401908991,0.262545743179035,0.1444082906351752,0.05539418408164786
0.12019350738729392,0.11437739411849279,0.2695313591711573,0.13361249310737422,0.04097105226402747
0.12924857461205658,0.11483758058225192,0.2615040497035159,0.13977269215193544,0.039244698580081006
0.11689462189907689,0.1148102511140589,0.2716689528508115,0.1308146975124792,0.0403190558454151
0.13729423791972503,0.11332202978357725,0.2635382654163648,0.13745022699969603,0.04131061021621368
0.13140948707626263,0.11912054826762687,0.2753390800117643,0.14575164926121809,0.04247895877403323
0.11101180471518915,0.11610023497127249,0.29120295377945216,0.1599267697008768,0.040439375916225005
0.0923210606889504,0.11729585751361363,0.26958790971964364,0.14231304076183396,0.04058820552375255
0.11964405507767774,0.11582648884262635,0.2563633649285931,0.1470859919185489,0.04199319415802793
0.11796685642939676,0.11423099160126295,0.28153461606429736,0.14483010743405694,0.04307759396716658
0.12964569937348544,0.12173402435373396,0.25622024791300746,0.1457960237984289,0.04252256769071543
0.1291033984814354,0.12319202507859162,0.2607238238876523,0.13335995801200606,0.04244151484758386
0.10410421792806258,0.11722911518700978,0.2784980894183526,0.14702222272526203,0.04242758672636849
0.12720635302396388,0.11263231025499057,0.26053967287958785,0.13844749296011494,0.041572818285352336
0.14269766129291692,0.110780892585973,0.2569453409021285,0.12426510803872348,0.04243198934399847
0.12350604503919729,0.11693893287679853,0.2599074187722387,0.12548006116912952,0.04188741253338281
0.12800582046734899,0.12265752280584455,0.24912890500799334,0.12474995097322104,0.04155759262704272
0.12150776544419224,0.11629901170688674,0.24747082224839614,0.12747296941508723,0.0419023101639089
0.13341470521401416,0.11413218833511454,0.2563828635984289,0.12464721573830297,0.04015480800233305
0.12309719808261159,0.11538381354577686,0.2739051241600072,0.13326026241912223,0.04142241442383677
0.11751027960836345,0.11183214103448944,0.268383679773883,0.12555748830866803,0.04181442844416773
0.1192687273645016,0.11737005185363525,0.25998681155277437,0.12851615597371552,0.04176190203812884
0.10322679883698252,0.11578412308632963,0.2561960052295501,0.13811861980177512,0.04297384632305761
0.10779124716188274,0.116595463131116,0.24968523464019018,0.139052852615638,0.042541628522189484
0.11871118829055528,0.12058801203082975,0.2631492960347405,0.13908193122230889,0.04473858576018548
0.11764240316030922,0.11775799547653697,0.2689295268504347,0.1389589281656644,0.0414193974094347
0.11058937596935874,0.12283934371712059,0.25515399942089306,0.13736795360264675,0.04224509694306097
0.13176575022198236,0.12083325040213164,0.2826204291267995,0.1504568046065802,0.0414784042148758
0.15528907298407862,0.08504900386226731,0.27818511613354197,0.13852668925755765,0.04507693389652681
0.15899570805740498,0.08499399718283888,0.2691650420207588,0.14072815814207632,0.04566130633362485
0.16273818730081518,0.08493845857384781,0.2600577413360927,0.14295091582993522,0.04625132981125238
0.1551275601094603,0.08611452857233683,0.2579641539227368,0.13649319035228788,0.04572235043571787
0.16620688805813563,0.08460926856415976,0.25622207842157557,0.13863223450220932,0.04564455372129443
0.15725675967904992,0.08230640172620322,0.26981211983908404,0.1434397479845643,0.047099435202231144
0.15514157728784317,0.0825055281613622,0.26467504189683383,0.15005396133034918,0.04595971974351583
0.15674404072971956,0.08189290507948316,0.263885493294106,0.15094317185805178,0.046105793838511024
0.14007147521734634,0.08425663138128495,0.2854526248656797,0.15537036159212092,0.04643721076625316
0.1434365329290959,0.0833247448241468,0.2717898051904105,0.15139344124201076,0.04520433315062441
0.1519404133434891,0.08457276887543333,0.27031605546652526,0.15294458681212136,0.04632288909949229
0.1500207033263172,0.08327941086601509,0.2825219566625031,0.15325902268695252,0.04581180353509592
0.1598028024780479,0.08213964852815527,0.2653677424124697,0.15163568899211044,0.04652716159941907
0.1590898510604398,0.08525573985710244,0.26828001584417266,0.1380641668230237,0.04723825136596534
0.14845949250337834,0.08412444082185164,0.29221762248295363,0.1442891853694923,0.045938880070735696
0.16036664636806391,0.08386901146333287,0.2862773352098736,0.15033396665317209,0.0467272848621262
0.155192018240878,0.08672920544269387,0.2788822773032301,0.1601028981639128,0.047987430896550436
0.15668408196906927,0.08227591226004381,0.282302742556777,0.1461906952172633,0.04386117482847723
0.16405823853082221,0.08551817340124639,0.2718687145008241,0.14784283460761272,0.04393650935976711
0.1656822851353986,0.0871913504153711,0.27047718451802066,0.14324828596822875,0.04279735802171151
0.1470351835679892,0.08969003980867365,0.2909213001896451,0.16084189928796155,0.04300255083537405
0.13911912811900592,0.08595678305894987,0.27895158399241676,0.16414895666725354,0.04078315137278743
0.13649218618438494,0.07996384547772373,0.2709942514174873,0.1495311966351399,0.039437261181861034
0.13870693492175784,0.0826950069247512,0.27856300097965925,0.17054740666504203,0.041207292208427275
0.13176139450556956,0.081961880643674,0.27201312589891186,0.17049743590640093,0.03974857122635229
0.1471490453823996,0.08047990575865355,0.2615365156347412,0.1574878127718225,0.04141066984983696
0.1322332810506118,0.08145963136866531,0.2950842518475267,0.1787858313265986,0.041547696958204795
0.13531634064197734,0.0770018553884704,0.27922454005594477,0.1703118417934928,0.03962711806914946
0.1363302998460833,0.0761076026300641,0.27760986109533264,0.1658172407641189,0.04146888567327644
0.13223677748280419,0.07673231798534336,0.2789610685695022,0.17426987075284883,0.040252460021807844
0.14476133467709376,0.07515535955569469,0.2847115010521739,0.16589928215439434,0.039186173915986285
0.14797091259368986,0.0744142005576757,0.2655731220059918,0.15389958668485795,0.03915566257454997
0.15849380105514968,0.07675280428457507,0.2672690772498373,0.1605809555618802,0.04082425326882305
0.1412421825323867,0.07537096330457069,0.2572328767307796,0.15831190653958493,0.04186464113769305
0.14770647254541777,0.07537742673803267,0.2706467254314619,0.16030070915127823,0.03967216865365597
0.14723905258194422,0.07166372049386874,0.28049307659681266,0.16048431315699704,0.04075914332154997
0.14095515347332452,0.0722642306678805,0.27380284127253046,0.16239804538879524,0.04205692046994024
0.13928571684874239,0.07090599845764944,0.2724737276225285,0.16405279368763306,0.03923196217362236
0.14889500852353668,0.0684957599149949,0.2787782835867629,0.16002030437626746,0.04161296837254981
0.15033959103098704,0.0656336010051959,0.2692008692505238,0.1530655251565136,0.04024352965859368
0.1933802889913698,0.0579660046189885,0.2482179550309049,0.15077352386139203,0.04258174481049233
0.14621497814174197,0.09883215046530558,0.27975568898923964,0.16034750934407244,0.04166692393333257
0.14871550132487424,0.09968236444480022,0.27262341246439226,0.15458845525168646,0.03983826928864933
0.14589347988559323,0.09420404278848797,0.24894960506224847,0.14414184230592228,0.039885688691179054
0.1327431206952421,0.09877640144936574,0.279498473552918,0.15743721811675832,0.04109927022481645
0.0907471233361934,0.061048517459114396,0.18624819224932684,0.10601094319880162,0.030293976072749335
0.12069570283906632,0.07255189085881851,0.23133834545900175,0.13963392929537907,0.03647818664671487
0.13718826925198582,0.0812980994876292,0.2791992661561326,0.15805538451832424,0.04275273734763921
0.11104347314508105,0.05706527738138852,0.1819005900423119,0.10420190251040277,0.029072876937147774
0.10893570123939103,0.06195497558137392,0.18173171542441077,0.10844930865796364,0.028541226490231438
0.11055236224942323,0.06612715425211746,0.1991737770807197,0.11436056030937153,0.031555637442143396
0.11134321710384666,0.08286804246592304,0.20658809490916655,0.11865339971073605,0.03258790662481929
0.14237230111907642,0.09780967758734059,0.267182116378505,0.14243884666676918,0.040633288949249065
0.14417935560214218,0.09345914392074973,0.2752409439056647,0.14668496170901468,0.04038305077842867
0.13304281545048055,0.08211533515634255,0.2368071960773336,0.12859756855897794,0.03541699046358548
0.12535867040835444,0.07879627881304808,0.22023889405006014,0.12411007390125671,0.03504520555969311
0.14037652752693836,0.08051129252614761,0.2786962563414613,0.1291125871412585,0.03786771330983574
0.14740054932037355,0.08481773445638957,0.295882542212508,0.13616983482828032,0.03889838743758638
0.16836107994695473,0.0892607643296721,0.31049291135372237,0.14750717119588821,0.042490783788565946
0.16997472821932014,0.09099160877840573,0.32737520574514717,0.15603890303628273,0.04232970197788303
0.1690672583925238,0.09435340511570685,0.3222581453737253,0.13813211121516,0.04376067005830595
0.16242161794993082,0.09639431723145378,0.32611890575082597,0.1504856797235425,0.0429269647291531
0.14515519165810994,0.0969395334024801,0.3287831284026228,0.15468738363374115,0.0435673204889018
0.14772488332244063,0.09713865892708365,0.32571565044580075,0.15428213211796152,0.044269900871645514
0.14478200930881205,0.09415394447019583,0.3170963234960553,0.15199980248153586,0.042558241132899674
0.14375906244913217,0.09808661828519494,0.35175333315986307,0.1584417640256548,0.04442562180760651
0.14919047839876337,0.09545137265537448,0.32980967345761203,0.14805611278871603,0.0414649829674778
0.14992415508655327,0.09322856622005321,0.3190643763329793,0.1454371697292876,0.041220193236026
0.1612289485124684,0.09649436711090495,0.3327299515059442,0.1545279070094636,0.04269484908701975
0.14786079745463854,0.09550778497662103,0.31580508028486065,0.1603589110212078,0.04187870135211704
0.15521434552436172,0.09559846631307146,0.30558565708770447,0.15378884324010755,0.04216492750893604
0.13219623832913271,0.09403425337921219,0.3171794875548304,0.15973020757609865,0.04265939584789233
0.15379106103275306,0.09022531860184971,0.3078258077871058,0.16097378156572395,0.03976796575703208
0.14820123789210968,0.08964974259642602,0.3137740990874896,0.15651293217050383,0.041092721799090244
0.15419315227720548,0.09434586520568791,0.32763508481577636,0.15889451424767345,0.04262452732936048
0.16309715193760455,0.09168962306564284,0.3113201651182736,0.14758804550962046,0.041315696684237256
0.15351677991352922,0.09198235161209098,0.3227788826571063,0.147701755542114,0.04238956077320092
0.15921913071364063,0.09310803895976603,0.3055821322811326,0.15621742567443975,0.042511374657255414
0.15332282570951414,0.09283536894119236,0.3120870752307214,0.15626131438483554,0.04434417746274629
0.151606069193097,0.09325900342595975,0.31776033635861733,0.1578414468667709,0.04264133092732893
0.19492248682483437,0.09467601963915834,0.28298293595366264,0.1449931965948624,0.04497569139403692
0.17196992957750712,0.0979085066019059,0.29247896028291476,0.1604826892829211,0.0450601335467613
0.1848955107571318,0.09256021522588048,0.28239862738108645,0.1500917109544133,0.04446467779707266
0.18593791689335767,0.09503434249807066,0.27449989935959523,0.15320353804577766,0.044579640937824225
0.17577391900839986,0.09674169600529237,0.27196276430262845,0.15947310154734134,0.04508304552354044
0.1692373064886973,0.09405050498985647,0.2792929043431518,0.16480471241852415,0.045313268450691384
0.17136800571743416,0.09872554724902073,0.28024064288325007,0.15731150260604232,0.04483037114814913
0.16802301871769054,0.09841653999672702,0.2800656928164661,0.15843288854074405,0.04836589724389212
0.16393531608371595,0.09468793164659875,0.2876400460262644,0.15907088592338148,0.048202316664174294
0.15858468798431588,0.09087022101481368,0.2901945884985767,0.16383250684782322,0.04550681774436604
0.16193505145403886,0.09526662227084877,0.2817064859487185,0.15283777812012406,0.04724930939186175
0.16423236781055567,0.09442846191655677,0.2764839503627214,0.1639869078631152,0.04642244643626971
0.155677671141249,0.09567755836454277,0.28038480098043517,0.1661016583955846,0.04644521013573665
0.1558589087795717,0.0949496852324365,0.28219336787089455,0.16149797389568546,0.04584443431623568
0.169456104325079,0.09074262659473928,0.2732993034876541,0.1519441256805645,0.04237712183723739
0.15412917564698594,0.09894474279127886,0.2908593543794561,0.16108824245538372,0.04581182413852272
0.15541854673322664,0.09417423461423781,0.2804938782188642,0.16299711803990583,0.04344782708640959
0.15515184293896897,0.09164742345752568,0.2827929970201198,0.15417682237081456,0.042585127491545215
0.15824969505769068,0.0944260328248536,0.27638332150554923,0.1634637256661603,0.044053679403319904
0.16329458407099398,0.0899866999286404,0.26256529798768286,0.15175032547446607,0.04415718884157588
0.15873161535524424,0.09095974361489072,0.2570413603875055,0.15424313578348425,0.0436920642329355
0.15962018256366023,0.09076917649967761,0.2659007639575188,0.15597199279265944,0.04424024353207174
0.1643572945876431,0.08837364754671283,0.26203974957215004,0.15127330110457465,0.04362459103221062
0.16757151077154447,0.09288041393384036,0.2629617082576291,0.15125793279888938,0.04559612788863773
0.1666379804029992,0.0947087802835026,0.26881639102399535,0.15416390005835043,0.04371622444973076
0.16672545083350002,0.08916512181955957,0.25041995275241913,0.15664636552450384,0.04306991379302173
0.1707998574952011,0.09307628557672704,0.2101742769921058,0.14613377711151168,0.04477720896893334
0.1525716859938309,0.09101696476851913,0.2245512674087157,0.14817584558146882,0.04237193570125851
0.16835866583569764,0.09114141757058915,0.21638597945186303,0.1482578500639774,0.04330168114598332
0.16860059994759122,0.09034525036034088,0.21393835282309046,0.14816818670684107,0.042477166412517725
0.16508985199408094,0.09350441791405247,0.22245673041474204,0.1450065255057989,0.04245604698107026
0.15255620921161753,0.0919447294959031,0.22243213318711338,0.15592768536614132,0.043969170194493416
0.14990610567544002,0.09092969240585279,0.2210893076907749,0.14560626441426278,0.04367562924020405
0.14319499032272098,0.09198072669622577,0.23322331070929458,0.16025677850833833,0.04413518942678565
0.15840835117836344,0.09214282112803603,0.22310025043371037,0.1567613965476889,0.044098469007100224
0.13831086658846822,0.09360983910474083,0.21760529309212523,0.1566719423086606,0.043388207372404966
0.14639135458004598,0.09853828893782113,0.23093666495602472,0.1600303171865519,0.04377527480502283
0.15391853305370168,0.0900036726992485,0.22596579178496826,0.159016920119572,0.04279671041408245
0.15059535730672363,0.09829946221750839,0.2195617719070848,0.16088528909379968,0.04397621175094628
0.14969750630722065,0.0928432086303502,0.22815610720652071,0.15949699492449113,0.041960524443853627
0.1572238134642987,0.09331426758154746,0.22270601217012395,0.16115674948010505,0.043402652639528
0.1745874750897145,0.09236907167010407,0.2173720020587926,0.1613328836536707,0.0435195913154595
0.14537761103477484,0.10067516648406126,0.2099434424670946,0.16950622724298703,0.04556697241900135
0.14833044788193328,0.08602728293807593,0.20488767882798173,0.1669525763582154,0.041264312834612966
0.15242611071277046,0.08584174739604093,0.205430441287472,0.1571650958738705,0.04211094694213593
0.15026790131932113,0.0854139522628286,0.2428206274525538,0.16736326097844573,0.04280910717834957
0.14781109417560673,0.08529218799759149,0.23904766015519055,0.16681795589064907,0.04303734156346715
0.14976349095203123,0.08627455949298755,0.22905968069845886,0.16636085437717474,0.04359341050014931
0.15040722500551768,0.08625091419098048,0.2131017065522335,0.1681554753811024,0.04516550058232176
0.14474511855295966,0.09072240121730399,0.2128698384262952,0.16500263807292298,0.04297991077788286
0.16305642730947031,0.08811198228384534,0.21227084700577223,0.16435627271479222,0.04465703421507532
0.14632729207193684,0.09743091272307128,0.21800130828367242,0.16382782543556343,0.044501437877809684
0.14729296853577897,0.09566328441813193,0.21192910499267653,0.15720853098182114,0.04322283274847909
0.1469564413976934,0.089934378148604,0.21259701805221254,0.1634309981441435,0.044049596239494705
0.1499074666841677,0.09349704957732324,0.21403904540592344,0.16486427864505301,0.044155228066376916
0.14848844997171923,0.09713069201536775,0.212141734707815,0.16274706423142668,0.04346605298007534
0.15717633592189514,0.09179790889084713,0.209706340274315,0.16197059981736323,0.044072636215377464
0.15129574974875784,0.09322509422375888,0.21608048833693347,0.15889835182502204,0.045327376651673974
0.146030427121898,0.08688089544725523,0.21123853587532157,0.1634761864210383,0.0440017720465111
0.15889348446351914,0.0881846929474776,0.21116904830443398,0.16235036249519114,0.04486345424323834
0.15478475893770416,0.0959393766170229,0.2111388513488272,0.14511574445554806,0.0464876445216405
0.14354792907270722,0.09644869732253387,0.21370610760227302,0.1479455100237994,0.044353050656369894
0.15736586462577754,0.09254623670283008,0.21415977587455148,0.15235209238270972,0.04407188841255399
0.1396610049994474,0.09721619649430399,0.21652032252508785,0.1516397963257745,0.0428684215834062
0.15515403922381207,0.09260275159975113,0.21117817850002488,0.15164484862013003,0.04321548891305189
0.1573590590767109,0.09160058759962064,0.20981207209619868,0.15219536216042376,0.043033461721697655
0.1525691339528098,0.09724984639192817,0.21481802791935087,0.157384049874683,0.043297667928380405
0.1586289336296493,0.09380484536768502,0.20968142369025816,0.13918454554951668,0.043271118651819096
0.15844332144109385,0.09198224247593736,0.2115319889485082,0.14505797201524417,0.042882791670478815
0.1253404411908094,0.09668344956317625,0.2148890501567738,0.14829978973358957,0.04361968834065859
0.14709182148195604,0.09532763574243383,0.2117588958127077,0.1476897676314718,0.04458376526313736
0.16380996199588307,0.09306306020942628,0.22599572689059264,0.14535602846734966,0.04343844252163748
0.14764884229753733,0.09821409946557362,0.23119892216265928,0.1533756930335505,0.045330966612120986
0.15449890566915947,0.09305817824797248,0.23152503527073623,0.1431563511725332,0.04349901936739597
0.1475316289106727,0.09506426421776855,0.22267235022595533,0.14679850782376444,0.04340105381317794
0.15262614756402515,0.09336581887563454,0.20816343721197667,0.1458733436046416,0.04240913271437754
0.1583015519035105,0.09393414929835295,0.20958806449455378,0.14595886686301465,0.04359021003339036
0.17084592205128996,0.10999356106491423,0.2084989816923847,0.14854886165938228,0.045186226492760974
0.1513152666808346,0.10102029816039072,0.21021731101390273,0.15093358881324143,0.04460559960196602
0.147229017560507,0.09971054024021912,0.20797023541654264,0.14966364772035656,0.0427280045773767
0.16826312621435918,0.09696244927838737,0.20254523846163142,0.1488005159073437,0.04285202457602319
0.13448505678613137,0.09741103586458018,0.2104343290253747,0.14810502421962302,0.04300505237074201
0.1521928477321374,0.09930416391379655,0.20795425094615205,0.14836765945588576,0.041132234182816425
0.15507363289168127,0.0949033289964259,0.20979600440425433,0.1435172804004049,0.0403422364746653
0.16025616341926088,0.09818277140837536,0.24423795594124129,0.14821970362009776,0.04104663655613392
0.15168798527300692,0.09828026691585325,0.23164086492420166,0.13967880234033164,0.040999843559263845
0.15440700071377975,0.09731723164347839,0.23854966275455353,0.14827269247855365,0.042018872624307424
0.1517196429018578,0.09384098806076738,0.243329118605469,0.1379752850635833,0.041312323932922224
0.14814558411813608,0.09703339383157794,0.24144987748525804,0.14393945449399823,0.042212629090182745
0.16340933585916842,0.09143893242917006,0.23339341953856,0.14604783486274736,0.042002016523190015
0.1506539573777598,0.09742946043816632,0.24060890269468133,0.14603930646121865,0.04214831697726333
0.15836800830488565,0.10044514343035334,0.23609960030793406,0.14272282443875925,0.0410469511815799
0.15679707649694716,0.10418892031208983,0.23990152650945265,0.14182103238961466,0.039379188362020555
0.1571753244604408,0.09408279005783698,0.24196799600584942,0.14923405868327883,0.04181972265970257
0.15542761640167388,0.10062307928568805,0.23825953147343992,0.14789049983302557,0.040221731951769125
0.17134870265545676,0.10029563998527759,0.23038229341994867,0.14065468943205645,0.0421191156927105
0.1614145236634636,0.10233363862252418,0.24206545866780285,0.14880937459653645,0.04320412677211859
0.14827687772616754,0.09724994510536211,0.23921516986129313,0.14219290939805268,0.04213498076627379
0.14809835490884898,0.10002984977720591,0.23898540885592306,0.1456672533600121,0.04129815059834409
0.15368671595704014,0.09986677390795176,0.23792016045496936,0.14872412050397119,0.04321582260414698
0.14386980151458378,0.09015186691762139,0.21709622707454387,0.1372930621350815,0.042345454178963265
0.15952981202052965,0.0974578399746012,0.23253466988139887,0.14655599968213753,0.04295266533656688
0.16106978984881934,0.0993959562399153,0.2411987482027103,0.14909918634779826,0.04454819849046432
0.15174491555281117,0.10355503118669224,0.2415101743666873,0.14282994618928757,0.04246478892157797
0.15974862748592614,0.07690962547235466,0.23922697527731188,0.1408574155239859,0.04363466022812873
0.17044497444838597,0.08231390597525359,0.24420423463592114,0.13991264154729363,0.043799821637645855
0.1494532699506523,0.08218259563382838,0.2366954083905384,0.1397070497853452,0.042581453305825696
0.1828703052671531,0.09772065162871188,0.23514160968860615,0.14566133407396742,0.04256314292510275
0.1523075964098123,0.09502311624014487,0.24574996910459104,0.14258253485733446,0.04328287422028442
0.15232351411819608,0.09493511128079887,0.24013975464362783,0.13984307774112364,0.044834201012458434
0.16155229655643388,0.0945632690078556,0.23619016407563637,0.14025129039979203,0.04302247484979672
0.1595630325729658,0.09946328952931949,0.24730841046386254,0.14459222607795144,0.044129282313178315
0.15338407116211683,0.08578836893065547,0.2492815583054964,0.14466635255363475,0.04335307971972347
0.16098826110733924,0.08314699070377392,0.24445317127917834,0.14675685658090287,0.04279039299556612
0.14625750276563906,0.08715963885604523,0.2526809948177519,0.16009949988023664,0.042906740539635085
0.15494526682466284,0.07760622379635944,0.2391346657522218,0.15199565841189014,0.041810161882906004
0.16609361013337334,0.08779329059116228,0.23169021373976456,0.14999170067327156,0.043458817376024854
0.15694119130736525,0.09550687912647289,0.24169098140430423,0.15245661897207638,0.04421496153234246
0.1598082730537489,0.09592397243086591,0.23365288333971757,0.15483079870019034,0.04375263697117626
0.1582312092482368,0.09239776598100155,0.232986475055555,0.14361403490553287,0.04274640702008172
0.1641309632892644,0.10040696538137457,0.23437231334698866,0.1460310533149735,0.042942816139920195
0.15848748462318588,0.09594068483654904,0.22801097223029346,0.14601844010334844,0.041807815220958125
0.17092735564547656,0.09952523811084678,0.22645623269989773,0.1412469011990519,0.04165644952715148
0.1635750975855898,0.09569371545637444,0.23466149268871336,0.14055853510883717,0.04354266326335644
0.16256047031098222,0.09536533220311748,0.2263556741733582,0.14665668769463938,0.04241967244379336
0.1669593657337209,0.09815951280561971,0.23236163521048453,0.1457909827039608,0.04308830660939185
0.17380300218456674,0.09763735380070786,0.23127854091007677,0.14373322322192134,0.043376967544226826
0.16246986150727422,0.100757415757561,0.2319084788584782,0.14409790922978086,0.04164744663175451
0.1661515430862666,0.09690665126402008,0.22947472647983286,0.1443327940505375,0.04322820930271077
0.1671495555969581,0.10404513060362831,0.23263346859965284,0.15293734218705823,0.04329172292858764
0.1653548106831987,0.0961268625607516,0.2264047829142238,0.1447615470866621,0.040962172155208865
0.17722791228793514,0.09735192394103882,0.19274838959854868,0.14362590191932878,0.041416139298204466
0.1717575932587398,0.09690493870122345,0.197447612641657,0.1479422559451774,0.04239607163738562
0.17373637803174766,0.09388767912123781,0.19686259035062637,0.14696393133880867,0.041576218957200636
0.16605528263029218,0.09623853729757313,0.1968785607738409,0.15019087322801705,0.042638631928034146
0.17086107278271273,0.09776651650626816,0.20607845573471636,0.1534970134790928,0.0420828541697494
0.16779000964885882,0.09576539282755701,0.2010151555677656,0.14825787005153804,0.041985148233317504
0.16853135998247337,0.09552905162929443,0.19646747801650552,0.14572435625094832,0.041007268751348046
0.1738616804670517,0.09448167527353173,0.20235402621711965,0.15183853812890022,0.043467362411903805
0.1713029936449931,0.09639475864349371,0.19767456174157744,0.15330614056858816,0.04097058250685517
0.1729478068260094,0.09593053705935338,0.1899024172889913,0.14974125958571824,0.04146438830475819
0.15712138624052843,0.10077266104312772,0.20653200188082163,0.15556288407893365,0.043173966351434466
0.15149092080095505,0.09547838452642224,0.1961878523142845,0.15891727396335315,0.041812761732140324
0.14436104531762434,0.10129284197505069,0.2010504107495706,0.15485476069227727,0.04290019409898888
0.03888609528740969,0.24053944652264006,0.19681937567212934,0.15337241117067762,0.04204833500443145
0.06506006537494673,0.16676217605015226,0.19423107403376685,0.1461920431914514,0.04043346386111213
0.08688470042094552,0.17608754489259287,0.19317936144932524,0.14526794355931424,0.040476803688528545
0.04192985700997513,0.22452753321690447,0.20074597143139228,0.15462132716712487,0.04070712804134607
0.05097363564297924,0.21404679512021868,0.19629636850246107,0.15376032365966008,0.0411515256245809
0.03539530969398193,0.22128271622537887,0.1969959406521015,0.1535468186162881,0.042428319579641174
0.04517270718890014,0.20231792677568897,0.20595864642811468,0.16239560395497563,0.04276213147550603
0.035509531014590874,0.21123302017740492,0.20239643175414923,0.1527304685492118,0.04216921517868693
0.030762300651575737,0.21251762606054375,0.2044367421598343,0.15216389039288736,0.04163021247917582
0.045810373862178955,0.22553207607757927,0.20387073524634822,0.15865580778275698,0.04461946592178722
0.04258826034596811,0.2257360360888177,0.20169570023580183,0.15133828184747034,0.04167807651526291
0.050430398700050935,0.22924424201339924,0.2012346873376968,0.1564379591911061,0.041788058738830076
0.042395173039324184,0.22762194595069762,0.20928413830388704,0.16039044823837734,0.044854794591811055
0.04976027671898454,0.23232865745777784,0.2049091970409662,0.14747040937473038,0.04102920366169239
0.03882167660720511,0.2206958206415552,0.20714934243613728,0.1464626467660865,0.04167397955945633
0.05621781378548583,0.23389341088429202,0.20837928191690405,0.15486462417070493,0.04334699835326321
0.049370047043203746,0.21451684192511225,0.20066866443382098,0.15220135461939346,0.043187312614227216
0.057203487148180854,0.21323248146748158,0.20349836167428584,0.15111827648746526,0.04131245291354655
0.058336020828515224,0.2176981526304581,0.2087926173284036,0.1541716689464449,0.04330793381594632
0.04397198690711725,0.22525420858648565,0.20251382115218422,0.1554213252409553,0.040780258917225115
0.05004128477369035,0.22921061179340796,0.20317094388170925,0.14486701642164845,0.04210999767656833
0.04707594775951007,0.2136480587059187,0.2081863697686808,0.14972410782143,0.04258832123051756
0.05155055625274225,0.21235095900384407,0.2092151077269046,0.15527455785571864,0.04108431837357917
0.04706920378949449,0.2074437779831762,0.20432327047475002,0.15368965148160865,0.041570663979816014
0.048412380842401764,0.2229572293700486,0.20529356892987147,0.14486041412518408,0.04218992303002844
0.03585170276669843,0.2301372009360342,0.20698293915313914,0.15161786695310864,0.042717368579980965
0.036362142477647005,0.23046327527349347,0.2025546049054238,0.15163753114336886,0.04267042584800155
0.04719417371704694,0.2268591460360661,0.20156200957985781,0.15244030931228014,0.04092247861708622
0.05171654124840924,0.2244853062520408,0.19993181787599226,0.14760680494615033,0.03994072807403203
0.0466821010986532,0.20761814933038988,0.20254809340784366,0.1512249993847503,0.04173239558316044
0.04210839752911293,0.18634826318417513,0.20466700786511827,0.1546101243861337,0.041834587445022484
0.05509128225139677,0.19145643499602305,0.21302203057387903,0.15426061087621756,0.04141621874147667
0.04841704505970506,0.19960822772712172,0.20812514164808782,0.15255410906960123,0.0426480540491739
0.04329482016552535,0.20960467613013994,0.20540185298566457,0.14992890576071422,0.039925476903398996
0.042924283494386185,0.22442870642508042,0.20249630269507302,0.14481285672132435,0.038481532712808755
0.04385048029956863,0.23271406544983722,0.19768792245001493,0.15305534607510252,0.0370933142598968
0.044239542782302625,0.22682690928652424,0.2008114273006339,0.1567042094429255,0.03969279042887852
0.0532466896506299,0.2306797702594838,0.19281330297793964,0.14707076765030752,0.038303878685695014
0.059516723168655965,0.22841694130601808,0.19451012237951013,0.1480299022602384,0.04085323328134392
0.04531659031496971,0.22240449243532207,0.20958321655515438,0.15455249412711938,0.04076142090592689
0.06009422492632414,0.21168970227184983,0.20073591893644138,0.15394309333724132,0.04136645666659971
0.060267284165087594,0.21083582568088352,0.20292739471606036,0.15409227089397948,0.04168670874508001
0.046837401823974084,0.2259477643741633,0.20622632935913016,0.15466175731561574,0.043437249222665716
0.053360667527356465,0.22913760212163758,0.20079893448133523,0.15764838804391137,0.040133506433765655
0.05156577702885927,0.22396036082146245,0.20243106757027848,0.15475512209096104,0.04208679489476575
0.04149704791758788,0.2262912961052368,0.21232881999261544,0.16484368423531778,0.043401020781829586
0.04778451620434002,0.23005590792977776,0.1997529564463889,0.15688037965539364,0.040729998374745086
0.04568409880995869,0.22927657911121918,0.20296043983403633,0.1518204303634808,0.04055020000967714
0.0468219440703976,0.22804442967791216,0.20697481425631756,0.1585928481584419,0.04219484109068653
0.05045562420087226,0.2273636476550008,0.20295831024617594,0.1610512026421104,0.0424058051447565
0.050137330200243684,0.2142221801881634,0.20021972951781528,0.14605665583352775,0.041392661274388225
0.05178573398877567,0.23538175435311606,0.20328196370396576,0.15104106123617603,0.04178001755561877
0.05272013248077191,0.223930227880898,0.20111169316864355,0.15565895070518893,0.04216925964073142
0.05792355145586509,0.22163124284748062,0.2022651619476451,0.1533641165613095,0.0410142899305653
0.05000780249403788,0.22214317945800874,0.2030355434575312,0.15301451485839407,0.04217962045456795
0.05607634371128782,0.22013190285760423,0.20773218010000513,0.15515072628077461,0.041238523056909275
0.0561255511823688,0.20822129461314257,0.20268582343698038,0.1494894009948544,0.04131186402949257
0.054035995784557346,0.23231457430255756,0.20547361626331304,0.1516878781043671,0.041882754475048446
0.051270380483538096,0.22633168334993642,0.20217395504829536,0.15277178691500562,0.040968939362420076
0.056101764228132775,0.19975061672574207,0.20386003354371113,0.15685785130090885,0.04092693741638763
0.055720720400632626,0.2058402735349325,0.20631531384291,0.15970836422167684,0.04370870184622723
0.05624130513015016,0.20945913476232725,0.2020471988977087,0.1534029338511833,0.041240275333157356
0.05308264032779972,0.22348171725567134,0.20073692214267466,0.1552973350728979,0.04195780209835814
0.054086593564070674,0.21121986000197993,0.2033166999217657,0.16336622330442963,0.041889382872124875
0.06949199136563346,0.20160520602726942,0.2014197252746021,0.15915908303086837,0.04080329419477169
0.05836871685015381,0.20267900816638734,0.2025161497656796,0.1617675861020231,0.0411937989717504
0.047436881638418006,0.20373432942259775,0.20359370402741164,0.16433119501803853,0.0415775828894615
0.044294766635215116,0.21449438663428944,0.1998609254452839,0.15588530063789652,0.03956483473447605
0.05967927233032258,0.19976370268917515,0.20278773088196156,0.1536795918581498,0.03971851957216144
0.055375644310329965,0.19809584843573377,0.2048352521571057,0.15798237966435785,0.04122969441033153
0.0580581711118907,0.21796198406918707,0.20191005763476652,0.16416259807107214,0.04009722467522778
0.05429836067939967,0.20722256689439916,0.20337878277714197,0.16660317232787614,0.04070811343372872
0.05522180214761751,0.19892219272724432,0.20762169756430254,0.17039391292230166,0.04280554311567543
0.049216717411498176,0.20899343373342333,0.1993884730942537,0.1589466067062592,0.04107681871956573
0.05084279445559709,0.20867563027613809,0.19854186390234538,0.158751963244649,0.04068306096659685
0.058704618497176383,0.20280434209070272,0.2034626900503793,0.16755781881912757,0.04044623712274102
0.058556284023864334,0.20294347842768273,0.2044820521356484,0.16347685051470062,0.04193248193467291
0.058121836013583394,0.21451515499678156,0.19386995710655078,0.16291382074929575,0.040587802524749465
0.057741214775348056,0.21404501728383726,0.2059128680970688,0.16616295958804028,0.04281163362448586
0.06398698243671593,0.17912663075056653,0.20064886109659305,0.16885555193792415,0.04240755721649251
0.052932937950973855,0.20681230992429928,0.20417326710345243,0.16713225771231915,0.04161746758713293
0.042112008778860475,0.22736799296447704,0.20650424488383176,0.15496428108100738,0.039460650347893735
0.045455028166612656,0.22367386446468196,0.20813562347448625,0.1727625402507089,0.04212710694821104
0.05321266867273129,0.20296452007188873,0.20399549330200983,0.1713677719646372,0.041148886341336184
0.04409595857971803,0.21586983453241837,0.20160249639499175,0.1625565471086904,0.042956563303475484
0.04740528778925414,0.2254542218763984,0.20186997016852412,0.1691830453692678,0.04043905191270806
0.058556350743872276,0.20955018197323516,0.20215641537391094,0.17647012866314526,0.04057231465611705
0.038941319512270416,0.21147193818509794,0.20586060669942957,0.1608828116387422,0.038294366302001066
0.0470293232847587,0.21294774357972518,0.19568080966843923,0.16001614752067225,0.04004543767886961
0.053566552524408645,0.2380059548385481,0.2010182292848416,0.16643049163002227,0.03948131357578686
0.05133096685783801,0.21827451179756743,0.205877607132557,0.15936073324725913,0.039002948652791296
0.05025122781459714,0.2058874588142302,0.20552705306563698,0.15809854366634174,0.038663087650459255
0.060633550635055426,0.21959458837956253,0.20193892496828328,0.1543053471959113,0.038645415638629846
0.056289938497027195,0.21738163484020526,0.20537852929737757,0.15667583246285613,0.0397297670089881
0.05435114635222875,0.22183071660337284,0.20844423434646972,0.15698979950509706,0.03948659065481355
0.05489943881123297,0.20812165862902698,0.1963391937871567,0.1463189817416819,0.036693378619350535
0.06117100704020212,0.20151001937387367,0.19742705213059938,0.1450809223468191,0.03779342272508292
0.06223468485974999,0.22073175689259827,0.19749548122948515,0.15047607641803676,0.037127263715399705
0.05978331675216993,0.20705533962680348,0.17827815296771019,0.1350863038355065,0.034264196387668734
0.05971439405751929,0.21754120863363538,0.18792007726337684,0.1332684447368666,0.03711962822532385
0.0549944647246487,0.21803713461149365,0.18802115820344661,0.14250891609827956,0.035688106544367125
0.04683368731720483,0.19330358180598678,0.17118262645860102,0.13178613270618356,0.033752209558451776
0.04361346260290987,0.18766322643725197,0.16959941880038348,0.12688346783415294,0.032517928032563544
0.045158563964063515,0.18578405706363194,0.1634214734738591,0.1235083259398622,0.03210770402435046
0.047213700352441414,0.23927270807254217,0.19865820904060782,0.1519959679393232,0.040060425178497235
0.05554125551627224,0.24195064807934258,0.21013265807421033,0.14367013938632348,0.0416877833317685
0.061064679996673275,0.20479827317740526,0.19323706681684516,0.15740229553946375,0.03741288452796899
0.05239672219061744,0.21230390658577772,0.19333250493218626,0.1463974397423419,0.03877648972638887
0.0416220942089022,0.22999374732875635,0.1963363022855214,0.14648969339005932,0.04017649961855518
0.06250908709291701,0.23730397927314853,0.20116834957316515,0.15081784232421053,0.04030013543779628
0.0521185519023731,0.23654772261428159,0.20177883425038184,0.16897602928459787,0.03980312502729594
0.045301032237314486,0.223791122974382,0.21444681001603905,0.1602768206904732,0.04214203615475282
0.05544022633388115,0.2379936164085946,0.2068892701485387,0.16317911891884618,0.04004368048781291
0.06429592814729829,0.22883471634520736,0.2043230500399575,0.16416616587492672,0.03928211919942262
0.045978515336629736,0.22190200735764026,0.2069180320720276,0.15766469257262034,0.04196318155209938
0.06523549183466949,0.25272487300641155,0.2170530728108995,0.16717999647052517,0.04356331686393363
0.04686345626660387,0.23387667447242194,0.19239651977579653,0.1548948630570227,0.038310313449461786
0.04431115894292651,0.2554626075549988,0.20911731425917932,0.15975106880227313,0.03922032055406786
0.06678535554797785,0.2330613345059149,0.2195978443138517,0.1665866079572757,0.04147767481683357
0.06589633591393956,0.2087757726164737,0.20423612538261024,0.1617081131530446,0.03932037148167469
0.04152723816615901,0.23539342901300234,0.2252584042593576,0.1682728964882316,0.040930574510890265
0.050433306017799634,0.21680337692530996,0.21458081460688555,0.15550775367880942,0.038287024772143914
0.04456580484290933,0.2316328553105698,0.21644577836752163,0.16072084717257099,0.041497929955509404
0.03942895200704945,0.22946858275178514,0.22043817642656083,0.1606986953689744,0.03978500000794791
0.04589575797531225,0.23269588969571317,0.21904230608758785,0.16342409760665438,0.04149825834717436
0.06192222298109697,0.23191201329285108,0.2140317109846656,0.15307520822108964,0.041160658881928464
0.04899342058091235,0.22794813521936963,0.2195631153666433,0.16054404944566059,0.03976266122979583
0.058159335763094205,0.23119588587504616,0.2057330360922922,0.1507153089747428,0.03958953194647122
0.046877765461938795,0.22018568448518563,0.2117203709261688,0.15299695758417625,0.03990834390506968
0.05242679705215225,0.2235908620085756,0.21348955736334252,0.1533948727167285,0.040682941194857984
0.051838074272379214,0.21211415956245677,0.21693156666950597,0.15620470094906236,0.041033956703442065
0.05550059769490239,0.21614366601160193,0.21455927733649896,0.1563766276305313,0.03868087146361559
0.045434791526966424,0.2188084082900141,0.21990407776776,0.1599535063528391,0.03882338115139729
0.054797665983588234,0.2126548756212606,0.21713882011919064,0.15861509417285763,0.04126395708565329
0.05887509136326707,0.21254468529942647,0.21784862727139728,0.16073449444698196,0.040736392025555075
0.048255018846111275,0.2088755735574725,0.22605623534088576,0.1611478893637433,0.04125762029007468
0.057606174681252106,0.2167227308077034,0.22532751520156735,0.15740002288458346,0.04087957398081599
0.060891122117720506,0.2147300579759479,0.22208926253989272,0.1518022217463119,0.04179804871780183
0.04705991104483688,0.21922041066062176,0.23134355271859317,0.15414679244705082,0.04123384614930468
0.0554395111482401,0.21672117915657244,0.22527990405954187,0.14703313649117136,0.04019887434672592
0.05868315864583589,0.21767341256405265,0.2271538820536112,0.14655435059051597,0.039970136296486374
0.04363064743179808,0.22445422393807793,0.2268832975379498,0.14896842124163295,0.04280975297418013
0.049776120428002765,0.23110522986973397,0.22665014449289234,0.15441306959143847,0.03982314641259832
0.05039468990997301,0.22340002396447103,0.2213785620928611,0.14765901839754836,0.039371285484414285
0.04501783848041332,0.22638582985669975,0.2236993462578837,0.14915266463702082,0.04067311954499617
0.06351499275503454,0.21866268160058622,0.22159701458851774,0.1489530275667868,0.0401838155688944
0.060978786139231515,0.21836181711437777,0.2203141863848625,0.15856011384704732,0.0404082422709794
0.040265040403038674,0.2239700420773881,0.22352018887056996,0.155322563593003,0.03999060857771912
0.043853941453199624,0.23075824471241926,0.22187788005089562,0.1515683348040471,0.039185472295036924
0.04340908122822839,0.2272001350926157,0.2192474027675128,0.15026963788047232,0.03918125626811199
0.04667021668163063,0.23471151172205215,0.22122386510750888,0.15690789288687007,0.03904268957593445
0.04126140142732915,0.21976167884280365,0.21960610192592056,0.17207715245830965,0.04087801242561447
0.041284091866152714,0.2279306792782872,0.21219747206115783,0.14885968578925216,0.04202591687991949
0.03884591992839115,0.23313872878340605,0.2200004393242146,0.16217821139578706,0.045656941996254516
0.04129034071383204,0.23409368166719105,0.2148391733450145,0.163432204908183,0.04450667675732796
0.05598778668788911,0.2273614442502068,0.21414823909394418,0.1637379665011079,0.0442248434508394
0.04060727436325602,0.23531086377658367,0.22154972108999413,0.1698037778999159,0.045545629456851346
0.05646931158966761,0.2210376489845607,0.21157544052936395,0.15157409440302871,0.04502950405096268
0.045672392771954916,0.22284022356189429,0.21332993285695176,0.1683678660217215,0.04363524095191152
0.03862538685810086,0.22992228664254538,0.22374451260843395,0.16493936410111493,0.044447004280808104
0.05155832404120449,0.23235747620358652,0.21644008395219094,0.15227879574176786,0.044693116828615306
0.04682349501130016,0.23456930882598825,0.21401138626913546,0.1518667633095529,0.043679794356607834
0.043061939917724834,0.23404423581463887,0.21636517248370205,0.163390545559191,0.04293952737249424
0.049938312911649206,0.22769185590683882,0.21243736051717135,0.15953095188646577,0.04441065251701424
0.041874199522407514,0.2332743268261998,0.2133485455514332,0.1597504447673785,0.04521187736665434
0.04704894542857311,0.2346304851578579,0.21827981866461027,0.15770949376331053,0.04477409357576698
0.052549053978423764,0.22936746446231865,0.2160576593057668,0.15733466170851432,0.04494577672993098
0.04577714138410494,0.23399548705376158,0.2143816875131425,0.15531052811872328,0.04590267988241294
0.04078376567842821,0.2204365402928963,0.21890917831510745,0.15528595881544013,0.042564312746620016
0.048425562709424434,0.26541091609081424,0.20997214901762823,0.14402023064456349,0.03972107366373008
0.048254174557659416,0.23463329889205556,0.21342407305352792,0.14651568495199555,0.040600045518477776
0.04355925033262804,0.2589784612769736,0.21448119912704752,0.14633893146004767,0.04216021506955821
0.05832259391769435,0.22407535516712387,0.21502103503012532,0.14730392792530309,0.04062651601829896
0.045547394168561996,0.24828725756474057,0.20737404446451274,0.14765230321594244,0.04020331310389937
0.040629698096312325,0.2502322184940311,0.21284149515013598,0.14365177009981753,0.040890521616277306
0.05163806813463294,0.2367816319350494,0.2154340270278593,0.14596334957964832,0.03953622334217423
0.059871445449393774,0.23837965051153337,0.21063105468229126,0.14547239536396386,0.040858125640467695
0.05298591617250326,0.23719665955004085,0.21447963407402512,0.14954526000575077,0.04261243165723078
0.05899805597560812,0.2246922712157392,0.21460263375125735,0.147215314299674,0.04163843971687265
0.06113397551029902,0.22237304774248767,0.21655076338397938,0.15307014079523587,0.04257309594262321
0.045705877725438,0.216988222086475,0.2117858637658455,0.1503015141879257,0.04294781106506336
0.04188465176604252,0.2201284032760516,0.2142447850077659,0.14983778927073596,0.043364760173492944
0.05130559864949455,0.2426411023535708,0.2090991423506933,0.14950783706712276,0.043090336992308784
0.062120568138709274,0.23814961011609143,0.21975154149225967,0.15094029903755024,0.039270011992036474
0.05071602671379809,0.2322709026837661,0.21189632076040454,0.15030784899464897,0.040038969120870155
0.05576139213935069,0.22578592970750963,0.2074847286339353,0.14376823360313132,0.03910285214529467
0.061016491801429984,0.23774619546513404,0.2142870251935619,0.14502528669367756,0.03922696031592723
0.0468813931687001,0.2310767935940636,0.21176385517889293,0.1427805684221549,0.038496398340035674
0.04512425567275489,0.24162770488382543,0.21480137925583412,0.1432479552196862,0.040295671652628554
0.05157111190275526,0.25241280660843557,0.21454421205362154,0.14930466036154863,0.03988637538321138
0.0464719186180546,0.24808489740748207,0.2164424916549114,0.14184311328441307,0.040214363518722845
0.04845995721316448,0.22314966025649774,0.2177036022040278,0.14356452394454372,0.03976248823058674
0.05879279876130736,0.2246517504234997,0.21608288738952025,0.149535061181779,0.04002740652555218
0.04579500599650389,0.22363057060810018,0.21236411361952043,0.14638041708407787,0.04042964823374153
0.05924777747767524,0.23577502723539423,0.21425958551473967,0.14457520260706305,0.03879046132992731
0.04436754906182356,0.23894525863981358,0.21895333419530089,0.14354972521418757,0.040814430672882616
0.054855707176347177,0.2264997211468357,0.21860900546524067,0.14740035608408766,0.03964844658542753
0.047490663082441785,0.2551607230951413,0.2157925215678698,0.1499947432271666,0.041033195772916455
0.05026337663873096,0.24144683059503946,0.22280721952334478,0.14788189688119882,0.04119031776177678
0.05637555269547708,0.2652347599220053,0.22239881991607227,0.15077571566383285,0.04151861229358158
0.05056782122136658,0.25366926571846116,0.22205565133245095,0.1479556032711989,0.04053861551720967
0.053318548015359665,0.23073310447455514,0.2250394075447306,0.1512288693601445,0.04261651943111156
0.052614361057691184,0.2611036622761168,0.22157988387195732,0.1500160851670703,0.04196653638794547
0.045818018486795876,0.24077585330026774,0.222350476294218,0.15613023708904547,0.0418103913760946
0.04993581023365326,0.24727936488732233,0.22742366800745992,0.1514541664507722,0.04148271721988959
0.04684306982412424,0.25119197708525387,0.227132719202549,0.15220877800756266,0.041779396075847186
0.045852738543532126,0.23142114549587417,0.22173705971967628,0.15208164931875987,0.03979881930607914
0.04974262840164376,0.25530351775216775,0.22693165687100453,0.15136523304751076,0.041668805069322794
0.05938938607873124,0.26253699769629535,0.22302151816158275,0.14876115650090588,0.039242647850252325
0.06071783317160262,0.2651654322472943,0.21973588944660932,0.14766668701353905,0.03951613752011842
0.04549468215480583,0.2660624397607446,0.22764249533801675,0.14764904371749746,0.04113335494284903
0.04607218857912793,0.2615550703623213,0.22851096078306857,0.1481640069187871,0.04093151488800479
0.05412584321597283,0.25229718678118945,0.22785444710408825,0.14975840131851523,0.04292693322607619
0.05736207565850999,0.2544849224620081,0.2347237104831793,0.15680858691537122,0.04261954973544904
0.05139944258997148,0.2603561991996017,0.22503304328645118,0.14512260886070472,0.042035738116324134
0.05201641422990724,0.2588493308835416,0.2259442787876254,0.15060266681496096,0.04154760123702069
0.044458439917979944,0.26526638636851957,0.22862601147571196,0.14823359555064775,0.0449664139081049
0.04883259095708166,0.2519051980117586,0.2414774603957044,0.16116102089421636,0.04304703935024239
0.049574249654445054,0.2521719279745915,0.2429528406944875,0.1639230145551683,0.04190213814086398
0.05648521298204252,0.25902926979243057,0.23575886270643084,0.15509730853720144,0.04240604535942439
0.05698190038787363,0.2514758612038674,0.23439204302342376,0.15995144668937786,0.04141850564570624
0.051911226861251526,0.24190637602071347,0.2331971187529012,0.15795172684339182,0.04249241373833177
0.05036334809734644,0.2516187722767642,0.23600395954304593,0.15642955229535763,0.04012450073623646
0.056120721233474176,0.240396794605421,0.23096461186090544,0.1552128723888225,0.04317534646660192
0.05415237561748602,0.2175222060440235,0.2308912508915244,0.15982445633272138,0.04151347793728236
0.04705538924977213,0.23073644252245618,0.23207172744526092,0.15443124628986946,0.041381053959400754
0.047312542950709524,0.23766378287033887,0.22989197260473634,0.1596344792423525,0.04266386618831211
0.05368564523354913,0.2641555417833924,0.2369605496110134,0.16224292511477229,0.043514065845416096
0.04367746007617515,0.21624653015068004,0.24672533888766304,0.17864268162077107,0.04234218662223946
0.0475605263512182,0.23842511303617392,0.24269708235716228,0.1600605917041857,0.04157338178180205
0.04587248197892367,0.23807913778583464,0.23414578352598342,0.15841408707857077,0.042110708584514336
0.0547922070383864,0.2493921768521565,0.24249959387154282,0.16360050590736164,0.043612546966595916
0.04663351196481836,0.249873498840742,0.23464623370989435,0.14673287365728094,0.041203813375120364
0.049471371794237495,0.2385802314778424,0.2306000494518022,0.161363028918998,0.04290451186282757
0.046103384608160776,0.2416060780119869,0.24152438905747528,0.16318105351736087,0.044733376016348025
0.050961305515671795,0.2390166478126873,0.23825809883545132,0.16037278304020752,0.039711917233051196
0.04862258536491288,0.23679199426252662,0.23642664903434285,0.16147802045519283,0.0403325678627326
0.0502749959189197,0.2344725100633781,0.2421744958783778,0.1665028514803833,0.04023396076538776
0.0602408619340602,0.22279443028721743,0.24574901669631596,0.15811835947280437,0.04099849116945558
0.06077513476355337,0.22526829108887325,0.24255646876228046,0.15785879728253296,0.04029468712818523
0.04638007029866482,0.24429635380354722,0.2418655427294402,0.1506684741063408,0.042808948534534756
0.059228464047025274,0.2485988695185581,0.24241483312693762,0.1596315878762575,0.04282914763189208
0.049811350891061056,0.23511584800077934,0.2420400823219036,0.15720420356864243,0.04081992777584007
0.05743312175805676,0.25405292376325683,0.2520987926779288,0.15286569521776142,0.04097746866821346
0.059592003071133194,0.22397322209416137,0.23906692393673992,0.15043933608213433,0.041484599324548045
0.058776020322756466,0.23070946931040878,0.24205528143573757,0.14486945873857393,0.04035647189218539
0.06218851115086088,0.23387813593793694,0.24687463746251204,0.14461429830676464,0.04167155917797088
0.05696705291458446,0.24096595525356715,0.24196279856190617,0.14454736402312102,0.040390070898322056
0.05843967446855577,0.23922146990375734,0.23756247553759904,0.1405522350513341,0.04118463780693888
0.055405449477578035,0.2409843694993672,0.24437997808473305,0.14892936203738935,0.0412978042755405
0.046810508083087295,0.24384437131515363,0.24728098316285677,0.1499685805330488,0.039792897167066535
0.054731035959987344,0.23443757377816982,0.24207666775663642,0.15155834780397692,0.04155022382651731
0.04277397659244706,0.24686646542750626,0.2506009244228229,0.15155233951077562,0.04186347524625912
0.05691501574684659,0.24563978094656408,0.2437110983132844,0.14900471541601454,0.042767774259575855
0.04742176124302612,0.2369145473598244,0.2401585040473932,0.14420776642478678,0.041708059543837536
0.04541792617176988,0.22505157752308114,0.2505326735176977,0.1580293307784723,0.042711769400879576
0.05040642123157363,0.23657362878818303,0.24301650646474274,0.14944220622223497,0.04167359675791528
0.05669333279005155,0.24632897304597134,0.24285365033198786,0.14952505984216755,0.0417066839234842
0.04215708217353997,0.24879982351386284,0.253184056746716,0.15345978244194253,0.04262632892608036
0.052346565332820345,0.2462310375467873,0.25335295113472406,0.1502017618064172,0.041879524383068335
0.051205133712361316,0.24409469996091337,0.2447802046138463,0.15296673263424318,0.040483696145999656
0.04574214922375565,0.2400005749644014,0.25366493854864375,0.1673913320308366,0.04134508585223367
0.04855987135481248,0.2449394579597339,0.25536461908905245,0.1665958984770935,0.04161741893762879
0.04830049051365386,0.22609312059400014,0.2460812990802368,0.1599653968247437,0.040915539967770406
0.06080578746158907,0.24377665136389493,0.24584588816902378,0.15599400466837024,0.04263955375464162
0.060224170670156715,0.22472992237027242,0.24706551277193214,0.1609975959673093,0.04271158016503485
0.05876781206272541,0.21047422712342276,0.24515812096493508,0.15161903743843444,0.04407162997012648
0.05799191958803025,0.2222893176777161,0.24815699747912517,0.1514124756389874,0.04319481220364849
0.051363576343881494,0.22660583823838562,0.246677859779797,0.15762441707391336,0.04430182226731455
0.06252347880803406,0.21091249884244764,0.25407297433131326,0.17062389301006517,0.044859679150453594
0.055533988324203656,0.21648788999419077,0.24906692805934869,0.16677765953097246,0.04500587947591133
0.061562911547870615,0.21762143643471735,0.24663762507233578,0.1590838828288851,0.04451192747494482
0.04854014278820049,0.22692558948355085,0.24691137052755058,0.16927885640681042,0.04483634314773696
0.05111387005350585,0.2093654072169775,0.23577647791904296,0.1557750823955687,0.046515502375386854
0.05203668187832825,0.20060778415261965,0.23483315170810493,0.1701997080349962,0.04261966035508009
0.055759959626577614,0.2195966911918889,0.23282962334830487,0.1609436391692788,0.04256853955487509
0.04244150356340852,0.22004279581288955,0.23967107853227854,0.17355796308285049,0.04417435236269303
0.05848241598506701,0.23575747442866168,0.22991940623144327,0.1746154719390429,0.04321842492492855
0.05934671975542921,0.22650145310834693,0.22931821316442214,0.16397191709258274,0.04218912880118766
0.04464253334820679,0.23012494249736398,0.23636131281444994,0.16589199025329254,0.04538601048983729
0.0559612107231389,0.22673857650209828,0.2267671031494289,0.16609966822836544,0.04372244814500423
0.04387896379857613,0.23328376373713983,0.22898394652764026,0.17102693448273126,0.045181864003832145
0.03723193916462225,0.21043073379412477,0.2307388299701,0.17082464728017316,0.04438795187288845
0.03723193916462225,0.21043073379412477,0.2307388299701,0.17082464728017316,0.04438795187288845
0.03723193916462225,0.21043073379412477,0.2307388299701,0.17082464728017316,0.04438795187288845
0.03704530514354973,0.21331098435976217,0.22765301267764929,0.176211166706829,0.044407122987697376
0.03704530514354973,0.21331098435976217,0.22765301267764929,0.176211166706829,0.044407122987697376
0.03704530514354973,0.21331098435976217,0.22765301267764929,0.176211166706829,0.044407122987697376
0.03704530514354973,0.21331098435976217,0.22765301267764929,0.176211166706829,0.044407122987697376
0.03704530514354973,0.21331098435976217,0.22765301267764929,0.176211166706829,0.044407122987697376
0.03704530514354973,0.21331098435976217,0.22765301267764929,0.176211166706829,0.044407122987697376
0.03704530514354973,0.21331098435976217,0.22765301267764929,0.176211166706829,0.044407122987697376
0.03704530514354973,0.21331098435976217,0.22765301267764929,0.176211166706829,0.044407122987697376
0.03704530514354973,0.21331098435976217,0.22765301267764929,0.176211166706829,0.044407122987697376
0.03885701682255533,0.20384149700959153,0.23473351731623163,0.17660582147540582,0.0440995024044915
0.05149634843426658,0.23520179186976886,0.2295979691380086,0.1742260692634222,0.04209244371374903
0.040159339284298774,0.22823264349319736,0.23095057408280156,0.17087883515134833,0.04387054653546947
0.03949139893374473,0.22211812187453273,0.24081932341830753,0.17705256678680917,0.04504979754358902
0.05809042431488829,0.22416400124409255,0.23437995355828634,0.16862690608154327,0.04262492579524791
0.04945115956311883,0.2077108242581544,0.23020499585979043,0.16720070170519327,0.04217787017079414
0.031915954879107096,0.19741153809416667,0.2416291290930341,0.1827966249598543,0.0430780067159764
0.04614695617543005,0.208284566204218,0.2404449733913612,0.18056811095221123,0.04302806927781186
0.04623286313899799,0.21843250853372587,0.2396278017624894,0.17198532199276886,0.04318256103273895
0.02994727744727876,0.206154406745433,0.23284699245811255,0.18275826744325185,0.04564389185021692
0.029952358664020174,0.20500300062161025,0.22759450282572918,0.17561388066169606,0.04386794465846475
0.03599813542599094,0.18661512393545288,0.22934711459517299,0.18735753117188744,0.044896727337532076
0.027642621728820545,0.21105445156624045,0.23887343294283359,0.18669274358544435,0.044999014625931186
0.04946506128566393,0.2167000994893537,0.2317995642521793,0.17688113568580477,0.04306293288617333
0.04509459126062359,0.18262046512296926,0.22689999967020047,0.19027902506662853,0.0468731690913353
0.028476539841970145,0.19568234092856157,0.23558769070254593,0.18864498187508608,0.043762955771069
0.03563362005343506,0.2061959645964632,0.24008572098467904,0.18991290076554537,0.04338908023232048
0.04535248705205049,0.2040822711230552,0.23702045609700106,0.17291307788910276,0.04455958524395935
0.035041602297967864,0.2128913911888584,0.23398907155295523,0.1786658688120988,0.04379088693684214
0.030237874484169865,0.21729623385300018,0.23287180262988239,0.169405671988557,0.04443829910300844
0.04998688156217295,0.204620736236439,0.23142343339558002,0.1795194871354237,0.043419982934783545
0.04673556023321017,0.20966348695494294,0.22937969389722476,0.17923320846479027,0.04421705251892758
0.029575896402746285,0.2125157984497354,0.23132243848870016,0.1791080091313866,0.042381743235973206
0.037538832434455376,0.18899135767547653,0.22746447337273926,0.17668346537743798,0.043970750626380145
0.04292758408391174,0.20804089021109054,0.23235670501772554,0.18183498723248515,0.04706960409238173
0.038077695619710285,0.1984426154014452,0.24053166904735238,0.1886749467512876,0.04415367092907903
0.04271760596298221,0.19782877627470405,0.2332006776996263,0.17577101044567195,0.04546709072023079
0.049484167546762686,0.19715367814051457,0.24006961252382425,0.1902212622836804,0.041368169099926126
0.04714693925909092,0.19760690253880345,0.23257435175308594,0.17471194946634427,0.04280960703008513
0.05110251237839862,0.19715474060849367,0.22697208644828964,0.17641751978862674,0.044260758388110985
0.03329691575739535,0.21165065035150776,0.2423756207153855,0.1828703392578724,0.043203130885870515
0.032370722036456585,0.20424966677597556,0.23276410007693657,0.17803509169381487,0.044930797280768875
0.03210221739520399,0.20749214515006967,0.2269488977414464,0.17740877397130433,0.04297442453447362
0.033839119363927805,0.20464300834117155,0.2212221934109016,0.1836546405711295,0.04459831905534262
0.03796458639755658,0.2085505169192626,0.22453032157176087,0.1745352121589321,0.04229464779753863
0.03842054012501848,0.19758837959271192,0.22780900371013588,0.17608765280401906,0.04404660809876614
0.031170099905121915,0.20445902536182894,0.22096298458036115,0.17925921472178602,0.04355195837122849
0.04111516761057295,0.20784175226251975,0.2250327902712112,0.17579546133151688,0.042835302552046164
0.03438875643839079,0.21016045032711128,0.22935454187350107,0.1822216981831619,0.045261767820524504
0.03799324500801464,0.2067890092218819,0.22372279753657684,0.1883887766361661,0.04333749668592933
0.038301441748213365,0.2105254910133923,0.22675232020147335,0.17114902819585145,0.04287683883618859
0.0453792853031295,0.21413696801738147,0.22701213767223882,0.16971663334660683,0.04369276712249291
0.039545486209971434,0.21791640523404968,0.22978345755978163,0.17381737340675857,0.04128917339489389
0.03860295502062902,0.21898814189813662,0.22700681088006353,0.1709951272399994,0.04711066732284686
0.03644221652214482,0.216788856480244,0.22424405875661002,0.17577096007115628,0.043597042243189194
0.0463455600237627,0.20937361489445466,0.2255954540498076,0.17638158722208072,0.0429004839737108
0.03759378931619951,0.20972805016747448,0.2230961714298393,0.17293920208812094,0.04438526101377843
0.05645165640540191,0.2065197595562505,0.2229266585389049,0.1789582416134567,0.044043531639141334
0.048500257176743694,0.21098759387815802,0.22974834763171909,0.17728804862690775,0.041507635228385645
0.048994259501383614,0.2103690695903379,0.22553701512421548,0.1729776166860597,0.0432276476399167
0.044929149926495264,0.19734217494306489,0.2317462319871718,0.17376370354362497,0.04315208878612713
0.05155103827354364,0.20516784208396546,0.2255657009301341,0.17594216597412693,0.04309754479901905
0.04651456432991422,0.2076396723129084,0.2249728119358812,0.17498543609759032,0.04258059820394389
0.041568869361711114,0.1989991536698848,0.21913403963964542,0.17928961737150123,0.04173798387911452
0.04266623597750201,0.1998020642273762,0.22378157898124512,0.1683769409680314,0.04188570998047208
0.05666662365923672,0.20094661369973124,0.22803268647946737,0.1690583742512268,0.041940310385076195
0.04056619045460086,0.20115161707308882,0.2230847963148317,0.17555698387176824,0.04279004006950149
0.0344482176350489,0.20654329142545086,0.22224185824073506,0.1767472685811257,0.042412783657849805
0.040205850201590496,0.2101375269962939,0.22959461688448202,0.17668167109894797,0.04258203631515896
0.0476467311672895,0.21176238780927095,0.22305562038223847,0.17569571513155066,0.04383109610453438
0.03542929949315376,0.20398493691936007,0.2341518348598104,0.18237806730372286,0.04280280645610026
0.04792576031796719,0.20434166443269886,0.23065393932007003,0.17980999599591269,0.0414821987880152
0.05641385397139238,0.21068899270473365,0.22658064581689177,0.17789402289149947,0.04350632919039044
0.03952677515692757,0.2031142688512593,0.2353930225059931,0.16995041914217526,0.04518468565768647
0.032265974123359985,0.21957774181323234,0.23765342264336448,0.16847484054333534,0.04257851726484144
0.05210960587936638,0.20480701183265837,0.23225164490125869,0.1862470771676005,0.04397720448520896
0.04339961703329547,0.21269384116099424,0.23352089562153952,0.17522490436704555,0.04105622235657088
0.05315156056812889,0.2098463976898834,0.22765232232097835,0.1736508001337235,0.03989503351713498
0.04714987294725625,0.21194590239204592,0.2249004296227596,0.18519203686176178,0.04242256112400942
0.05150641723831808,0.18645741524802165,0.22634693579924228,0.18424941931218136,0.041050959481705736
0.03797665886391809,0.20025336876652164,0.23030403344046765,0.17402876518375027,0.041777139107298154
0.04397283486964472,0.21819322499638014,0.228752113781974,0.1732458902537274,0.04197024337223934
0.04077906354101332,0.2107952450121145,0.2270772469516778,0.1739028235206356,0.04047773404112629
0.03841141887165996,0.21757290689005157,0.22807147843478523,0.17352586771596368,0.04065801520511151
0.06553842971021984,0.2061396782008685,0.22416763424917407,0.17251556120043116,0.042251809289101105
0.04690084459855773,0.21205058940928279,0.22446797897662316,0.17678187119681635,0.040527497623743795
0.03951257122117077,0.21096611765151757,0.2312312048334577,0.17437565278810999,0.04191177729510977
0.057165211667461906,0.19887653343738582,0.22093672632464775,0.17364080729744905,0.04095246510156436
0.055410781343843855,0.2034802379694611,0.22566034535303572,0.17294470173288345,0.04139250565554416
0.043152559539785515,0.21060130937415097,0.2236592305759335,0.17026781960084836,0.04144226145844333
0.05183468999863899,0.19907779102113043,0.2185034697609644,0.17468693571179528,0.03852759552408123
0.05183468999863899,0.19907779102113043,0.2185034697609644,0.17468693571179528,0.03852759552408123
0.05183468999863899,0.19907779102113043,0.2185034697609644,0.17468693571179528,0.03852759552408123
0.05183468999863899,0.19907779102113043,0.2185034697609644,0.17468693571179528,0.03852759552408123
0.05183468999863899,0.19907779102113043,0.2185034697609644,0.17468693571179528,0.03852759552408123
0.05183468999863899,0.19907779102113043,0.2185034697609644,0.17468693571179528,0.03852759552408123
0.05183468999863899,0.19907779102113043,0.2185034697609644,0.17468693571179528,0.03852759552408123
0.05183468999863899,0.19907779102113043,0.2185034697609644,0.17468693571179528,0.03852759552408123
0.05183468999863899,0.19907779102113043,0.2185034697609644,0.17468693571179528,0.03852759552408123
0.05183468999863899,0.19907779102113043,0.2185034697609644,0.17468693571179528,0.03852759552408123
0.05183468999863899,0.19907779102113043,0.2185034697609644,0.17468693571179528,0.03852759552408123
0.05183468999863899,0.19907779102113043,0.2185034697609644,0.17468693571179528,0.03852759552408123
0.05183468999863899,0.19907779102113043,0.2185034697609644,0.17468693571179528,0.03852759552408123
0.05183468999863899,0.19907779102113043,0.2185034697609644,0.17468693571179528,0.03852759552408123
0.05183468999863899,0.19907779102113043,0.2185034697609644,0.17468693571179528,0.03852759552408123
0.05183468999863899,0.19907779102113043,0.2185034697609644,0.17468693571179528,0.03852759552408123
0.05183468999863899,0.19907779102113043,0.2185034697609644,0.17468693571179528,0.03852759552408123
0.05183468999863899,0.19907779102113043,0.2185034697609644,0.17468693571179528,0.03852759552408123
0.05183468999863899,0.19907779102113043,0.2185034697609644,0.17468693571179528,0.03852759552408123
0.05183468999863899,0.19907779102113043,0.2185034697609644,0.17468693571179528,0.03852759552408123
0.05183468999863899,0.19907779102113043,0.2185034697609644,0.17468693571179528,0.03852759552408123
0.05183468999863899,0.19907779102113043,0.2185034697609644,0.17468693571179528,0.03852759552408123
0.05183468999863899,0.19907779102113043,0.2185034697609644,0.17468693571179528,0.03852759552408123
0.05183468999863899,0.19907779102113043,0.2185034697609644,0.17468693571179528,0.03852759552408123
0.05183468999863899,0.19907779102113043,0.2185034697609644,0.17468693571179528,0.03852759552408123
0.05183468999863899,0.19907779102113043,0.2185034697609644,0.17468693571179528,0.03852759552408123
0.05183468999863899,0.19907779102113043,0.2185034697609644,0.17468693571179528,0.03852759552408123
0.05183468999863899,0.19907779102113043,0.2185034697609644,0.17468693571179528,0.03852759552408123
0.05183468999863899,0.19907779102113043,0.2185034697609644,0.17468693571179528,0.03852759552408123
0.05183468999863899,0.19907779102113043,0.2185034697609644,0.17468693571179528,0.03852759552408123
0.05183468999863899,0.19907779102113043,0.2185034697609644,0.17468693571179528,0.03852759552408123
0.05183468999863899,0.19907779102113043,0.2185034697609644,0.17468693571179528,0.03852759552408123
0.05183468999863899,0.19907779102113043,0.2185034697609644,0.17468693571179528,0.03852759552408123
0.05183468999863899,0.19907779102113043,0.2185034697609644,0.17468693571179528,0.03852759552408123
0.05183468999863899,0.19907779102113043,0.2185034697609644,0.17468693571179528,0.03852759552408123
0.05183468999863899,0.19907779102113043,0.2185034697609644,0.17468693571179528,0.03852759552408123
0.05183468999863899,0.19907779102113043,0.2185034697609644,0.17468693571179528,0.03852759552408123
0.051844761272882935,0.21280963637225017,0.2347065609701053,0.17422314204959866,0.044353305949393004
0.057733974528862406,0.19399751605739954,0.22273778354182178,0.16711732953810263,0.04224752346004054
0.05966063003346777,0.20334432891861853,0.23191518566559127,0.17608638888715794,0.04378878327616562
0.04466673669157693,0.20504793882776734,0.23419480866359335,0.18252603946375748,0.04252589447145593
0.04941042525968032,0.19626876754486555,0.2277271901660154,0.17239440086409324,0.04295864665217794
0.05354310905217393,0.18830901581331094,0.22656713417707577,0.1722412829100693,0.043884223282636595
0.053759419236312465,0.19673179489782086,0.23036968348634101,0.17914664482020032,0.042569547514429096
0.062359112731939004,0.1958395054217844,0.2265147255096869,0.1734704975265152,0.04181641727090869
0.05838635473626054,0.20980133490230474,0.22555877371289937,0.16311133154159094,0.04211186868130744
0.05659035023211354,0.20452062323078432,0.22846542172194279,0.17297791479009517,0.0426803536682783
0.047044540760716895,0.20596652657466374,0.22635658344503656,0.16803807065058665,0.040688271984859845
0.07460164953650494,0.20367078737012623,0.22001782400038733,0.16618488587010935,0.042479152662621
0.05736376802858548,0.20253433310260963,0.22210613315637706,0.16750139258027597,0.042171407185693954
0.05584799627867714,0.15815575952721658,0.2064759992679723,0.0913531010918545,0.039384768188038766
0.044672241901465196,0.20416420619079514,0.22212227882177182,0.17227139383186316,0.0438690956057282
0.05048580415166676,0.1995661992718157,0.2212232747765674,0.17183338198921536,0.04236535889068566
